Workbook

Sheet all_india_districts_aqi
A1: State | B1: District | C1: Most AQI Reached | D1: Current AQI | E1: Major Source of Pollution
A2: Andhra Pradesh | B2: Anantapur | C2: 272 | D2: 190 | E2: Vehicle
A3: Andhra Pradesh | B3: Anantapur (Area 1) | C3: 280 | D3: 155 | E3: Industrial Emissions
A4: Andhra Pradesh | B4: Anantapur (Area 2) | C4: 258 | D4: 64 | E4: Road Dust
A5: Andhra Pradesh | B5: Anantapur (Area 3) | C5: 133 | D5: 120 | E5: Road Dust
A6: Andhra Pradesh | B6: Anantapur (Area 4) | C6: 221 | D6: 57 | E6: Industrial Emissions
A7: Andhra Pradesh | B7: Anantapur (Area 5) | C7: 224 | D7: 39 | E7: Domestic Fuel
A8: Andhra Pradesh | B8: Anantapur (Area 6) | C8: 81 | D8: 34 | E8: Crop Burning
A9: Andhra Pradesh | B9: Chittoor | C9: 211 | D9: 57 | E9: Industrial Emissions
A10: Andhra Pradesh | B10: Chittoor (Area 1) | C10: 91 | D10: 58 | E10: Crop Burning
A11: Andhra Pradesh | B11: Chittoor (Area 2) | C11: 226 | D11: 164 | E11: Construction Dust
A12: Andhra Pradesh | B12: Chittoor (Area 3) | C12: 219 | D12: 70 | E12: Vehicle
A13: Andhra Pradesh | B13: Chittoor (Area 4) | C13: 254 | D13: 133 | E13: Domestic Fuel
... A5055: West Bengal | B5055: Uttar Dinajpur (North Dinajpur) (Area 6) | C5055: 308 | D5055: 87 | E5055: Vehicle

Sheet Transformed_data
A1: State | B1: District | C1: Most AQI Reached | D1: Current AQI | E1: Major Source of Pollution | F1: AQI_Difference | G1: Category | H1: Rank
A2: Andhra Pradesh | B2: Anantapur | C2: 272 | D2: 190 | E2: Vehicle | F2: =tbl_AQI[[#This Row],[Most AQI Reached]]-tbl_AQI[[#This Row],[Current AQI]] -> 82 | G2: =_xlfn.IFS(tbl_AQI[[#This Row],[Current AQI]]<=50, "Good", tbl_AQI[[#This Row],[Current AQI]]<=100, "Satisfactory", tbl_AQI[[#This Row],[Current AQI]]<=200, "Moderate", tbl_AQI[[#This Row],[Current AQI]]<=300, "Poor", tbl_AQI[[#This Row],[Current AQI]]<=400, "Very Poor", tbl_AQI[[#This Row],[Current AQI]]>400, "Severe") -> Moderate | H2: =RANK(tbl_AQI[[#This Row],[Current AQI]], tbl_AQI[Current AQI], 0) -> 1355
A3: Andhra Pradesh | B3: Anantapur (Area 1) | C3: 280 | D3: 155 | E3: Industrial Emissions | F3: =tbl_AQI[[#This Row],[Most AQI Reached]]-tbl_AQI[[#This Row],[Current AQI]] -> 125 | G3: =_xlfn.IFS(tbl_AQI[[#This Row],[Current AQI]]<=50, "Good", tbl_AQI[[#This Row],[Current AQI]]<=100, "Satisfactory", tbl_AQI[[#This Row],[Current AQI]]<=200, "Moderate", tbl_AQI[[#This Row],[Current AQI]]<=300, "Poor", tbl_AQI[[#This Row],[Current AQI]]<=400, "Very Poor", tbl_AQI[[#This Row],[Current AQI]]>400, "Severe") -> Moderate | H3: =RANK(tbl_AQI[[#This Row],[Current AQI]], tbl_AQI[Current AQI], 0) -> 2275
A4: Andhra Pradesh | B4: Anantapur (Area 2) | C4: 258 | D4: 64 | E4: Road Dust | F4: =tbl_AQI[[#This Row],[Most AQI Reached]]-tbl_AQI[[#This Row],[Current AQI]] -> 194 | G4: =_xlfn.IFS(tbl_AQI[[#This Row],[Current AQI]]<=50, "Good", tbl_AQI[[#This Row],[Current AQI]]<=100, "Satisfactory", tbl_AQI[[#This Row],[Current AQI]]<=200, "Moderate", tbl_AQI[[#This Row],[Current AQI]]<=300, "Poor", tbl_AQI[[#This Row],[Current AQI]]<=400, "Very Poor", tbl_AQI[[#This Row],[Current AQI]]>400, "Severe") -> Satisfactory | H4: =RANK(tbl_AQI[[#This Row],[Current AQI]], tbl_AQI[Current AQI], 0) -> 4293
A5: Andhra Pradesh | B5: Anantapur (Area 3) | C5: 133 | D5: 120 | E5: Road Dust | F5: =tbl_AQI[[#This Row],[Most AQI Reached]]-tbl_AQI[[#This Row],[Current AQI]] -> 13 | G5: =_xlfn.IFS(tbl_AQI[[#This Row],[Current AQI]]<=50, "Good", tbl_AQI[[#This Row],[Current AQI]]<=100, "Satisfactory", tbl_AQI[[#This Row],[Current AQI]]<=200, "Moderate", tbl_AQI[[#This Row],[Current AQI]]<=300, "Poor", tbl_AQI[[#This Row],[Current AQI]]<=400, "Very Poor", tbl_AQI[[#This Row],[Current AQI]]>400, "Severe") -> Moderate | H5: =RANK(tbl_AQI[[#This Row],[Current AQI]], tbl_AQI[Current AQI], 0) -> 3066
A6: Andhra Pradesh | B6: Anantapur (Area 4) | C6: 221 | D6: 57 | E6: Industrial Emissions | F6: =tbl_AQI[[#This Row],[Most AQI Reached]]-tbl_AQI[[#This Row],[Current AQI]] -> 164 | G6: =_xlfn.IFS(tbl_AQI[[#This Row],[Current AQI]]<=50, "Good", tbl_AQI[[#This Row],[Current AQI]]<=100, "Satisfactory", tbl_AQI[[#This Row],[Current AQI]]<=200, "Moderate", tbl_AQI[[#This Row],[Current AQI]]<=300, "Poor", tbl_AQI[[#This Row],[Current AQI]]<=400, "Very Poor", tbl_AQI[[#This Row],[Current AQI]]>400, "Severe") -> Satisfactory | H6: =RANK(tbl_AQI[[#This Row],[Current AQI]], tbl_AQI[Current AQI], 0) -> 4452
A7: Andhra Pradesh | B7: Anantapur (Area 5) | C7: 224 | D7: 39 | E7: Domestic Fuel | F7: =tbl_AQI[[#This Row],[Most AQI Reached]]-tbl_AQI[[#This Row],[Current AQI]] -> 185 | G7: =_xlfn.IFS(tbl_AQI[[#This Row],[Current AQI]]<=50, "Good", tbl_AQI[[#This Row],[Current AQI]]<=100, "Satisfactory", tbl_AQI[[#This Row],[Current AQI]]<=200, "Moderate", tbl_AQI[[#This Row],[Current AQI]]<=300, "Poor", tbl_AQI[[#This Row],[Current AQI]]<=400, "Very Poor", tbl_AQI[[#This Row],[Current AQI]]>400, "Severe") -> Good | H7: =RANK(tbl_AQI[[#This Row],[Current AQI]], tbl_AQI[Current AQI], 0) -> 4829
A8: Andhra Pradesh | B8: Anantapur (Area 6) | C8: 81 | D8: 34 | E8: Crop Burning | F8: =tbl_AQI[[#This Row],[Most AQI Reached]]-tbl_AQI[[#This Row],[Current AQI]] -> 47 | G8: =_xlfn.IFS(tbl_AQI[[#This Row],[Current AQI]]<=50, "Good", tbl_AQI[[#This Row],[Current AQI]]<=100, "Satisfactory", tbl_AQI[[#This Row],[Current AQI]]<=200, "Moderate", tbl_AQI[[#This Row],[Current AQI]]<=300, "Poor", tbl_AQI[[#This Row],[Current AQI]]<=400, "Very Poor", tbl_AQI[[#This Row],[Current AQI]]>400, "Severe") -> Good | H8: =RANK(tbl_AQI[[#This Row],[Current AQI]], tbl_AQI[Current AQI], 0) -> 4944
A9: Andhra Pradesh | B9: Chittoor | C9: 211 | D9: 57 | E9: Industrial Emissions | F9: =tbl_AQI[[#This Row],[Most AQI Reached]]-tbl_AQI[[#This Row],[Current AQI]] -> 154 | G9: =_xlfn.IFS(tbl_AQI[[#This Row],[Current AQI]]<=50, "Good", tbl_AQI[[#This Row],[Current AQI]]<=100, "Satisfactory", tbl_AQI[[#This Row],[Current AQI]]<=200, "Moderate", tbl_AQI[[#This Row],[Current AQI]]<=300, "Poor", tbl_AQI[[#This Row],[Current AQI]]<=400, "Very Poor", tbl_AQI[[#This Row],[Current AQI]]>400, "Severe") -> Satisfactory | H9: =RANK(tbl_AQI[[#This Row],[Current AQI]], tbl_AQI[Current AQI], 0) -> 4452
A10: Andhra Pradesh | B10: Chittoor (Area 1) | C10: 91 | D10: 58 | E10: Crop Burning | F10: =tbl_AQI[[#This Row],[Most AQI Reached]]-tbl_AQI[[#This Row],[Current AQI]] -> 33 | G10: =_xlfn.IFS(tbl_AQI[[#This Row],[Current AQI]]<=50, "Good", tbl_AQI[[#This Row],[Current AQI]]<=100, "Satisfactory", tbl_AQI[[#This Row],[Current AQI]]<=200, "Moderate", tbl_AQI[[#This Row],[Current AQI]]<=300, "Poor", tbl_AQI[[#This Row],[Current AQI]]<=400, "Very Poor", tbl_AQI[[#This Row],[Current AQI]]>400, "Severe") -> Satisfactory | H10: =RANK(tbl_AQI[[#This Row],[Current AQI]], tbl_AQI[Current AQI], 0) -> 4431
A11: Andhra Pradesh | B11: Chittoor (Area 2) | C11: 226 | D11: 164 | E11: Construction Dust | F11: =tbl_AQI[[#This Row],[Most AQI Reached]]-tbl_AQI[[#This Row],[Current AQI]] -> 62 | G11: =_xlfn.IFS(tbl_AQI[[#This Row],[Current AQI]]<=50, "Good", tbl_AQI[[#This Row],[Current AQI]]<=100, "Satisfactory", tbl_AQI[[#This Row],[Current AQI]]<=200, "Moderate", tbl_AQI[[#This Row],[Current AQI]]<=300, "Poor", tbl_AQI[[#This Row],[Current AQI]]<=400, "Very Poor", tbl_AQI[[#This Row],[Current AQI]]>400, "Severe") -> Moderate | H11: =RANK(tbl_AQI[[#This Row],[Current AQI]], tbl_AQI[Current AQI], 0) -> 2049
A12: Andhra Pradesh | B12: Chittoor (Area 3) | C12: 219 | D12: 70 | E12: Vehicle | F12: =tbl_AQI[[#This Row],[Most AQI Reached]]-tbl_AQI[[#This Row],[Current AQI]] -> 149 | G12: =_xlfn.IFS(tbl_AQI[[#This Row],[Current AQI]]<=50, "Good", tbl_AQI[[#This Row],[Current AQI]]<=100, "Satisfactory", tbl_AQI[[#This Row],[Current AQI]]<=200, "Moderate", tbl_AQI[[#This Row],[Current AQI]]<=300, "Poor", tbl_AQI[[#This Row],[Current AQI]]<=400, "Very Poor", tbl_AQI[[#This Row],[Current AQI]]>400, "Severe") -> Satisfactory | H12: =RANK(tbl_AQI[[#This Row],[Current AQI]], tbl_AQI[Current AQI], 0) -> 4153
A13: Andhra Pradesh | B13: Chittoor (Area 4) | C13: 254 | D13: 133 | E13: Domestic Fuel | F13: =tbl_AQI[[#This Row],[Most AQI Reached]]-tbl_AQI[[#This Row],[Current AQI]] -> 121 | G13: =_xlfn.IFS(tbl_AQI[[#This Row],[Current AQI]]<=50, "Good", tbl_AQI[[#This Row],[Current AQI]]<=100, "Satisfactory", tbl_AQI[[#This Row],[Current AQI]]<=200, "Moderate", tbl_AQI[[#This Row],[Current AQI]]<=300, "Poor", tbl_AQI[[#This Row],[Current AQI]]<=400, "Very Poor", tbl_AQI[[#This Row],[Current AQI]]>400, "Severe") -> Moderate | H13: =RANK(tbl_AQI[[#This Row],[Current AQI]], tbl_AQI[Current AQI], 0) -> 2758
... A5055: West Bengal | B5055: Uttar Dinajpur (North Dinajpur) (Area 6) | C5055: 308 | D5055: 87 | E5055: Vehicle | F5055: =tbl_AQI[[#This Row],[Most AQI Reached]]-tbl_AQI[[#This Row],[Current AQI]] -> 221 | G5055: =_xlfn.IFS(tbl_AQI[[#This Row],[Current AQI]]<=50, "Good", tbl_AQI[[#This Row],[Current AQI]]<=100, "Satisfactory", tbl_AQI[[#This Row],[Current AQI]]<=200, "Moderate", tbl_AQI[[#This Row],[Current AQI]]<=300, "Poor", tbl_AQI[[#This Row],[Current AQI]]<=400, "Very Poor", tbl_AQI[[#This Row],[Current AQI]]>400, "Severe") -> Satisfactory | H5055: =RANK(tbl_AQI[[#This Row],[Current AQI]], tbl_AQI[Current AQI], 0) -> 3813

Sheet Calculations
A1: State-wise Analysis | K1: State-level KPI Calculations | N1: Country KPI Calculations | R1: Top 10 Cleanest Areas
A3: State | B3: Avg AQI | C3: Max AQI | D3: Area Count | E3: % Severe Areas | F3: Intensity Ratio | G3: Rank | K3: State/UT | L3: =Table19[Selected State/UT] -> Andhra Pradesh | N3: AVG AQI | O3: =AVERAGE(Sate_Analysis[Avg AQI]) -> 152.34862 | R3: District | S3: AQI
A4: Andhra Pradesh | B4: =AVERAGEIF(tbl_AQI[State], Sate_Analysis[[#This Row],[State]], tbl_AQI[Current AQI]) -> 107.0989 | C4: =_xlfn.MAXIFS(tbl_AQI[Current AQI], tbl_AQI[State], Sate_Analysis[[#This Row],[State]]) -> 190 | D4: =COUNTIF(tbl_AQI[State], Sate_Analysis[[#This Row],[State]]) -> 91 | E4: =COUNTIFS(tbl_AQI[State], Sate_Analysis[[#This Row],[State]], tbl_AQI[Category], "Severe" )/COUNTIF(tbl_AQI[State], Sate_Analysis[[#This Row],[State]]) -> 0 | F4: =Sate_Analysis[[#This Row],[Avg AQI]]/MAX(Sate_Analysis[Avg AQI]) -> 0.33039324 | G4: =RANK(Sate_Analysis[Avg AQI], Sate_Analysis[Avg AQI], 0) -> 27 | I4: Selected State/UT | K4: Rank | L4: =INDEX(Sate_Analysis[Rank], MATCH($L$3, Sate_Analysis[State], 0)) -> 27 | N4: MAX AQI | O4: =MAX(Sate_Analysis[Max AQI]) -> 480 | R4: {=INDEX(tbl_AQI[District], SMALL(IF((tbl_AQI[State]=Table19[Selected State/UT])*(tbl_AQI[Current AQI]=S4), ROW(tbl_AQI[District])-MIN(ROW(tbl_AQI[District]))+1), COUNTIF(Calculations!$S$4:S4, S4)))} -> Nellore (Area 4) | S4: {=SMALL(IF(tbl_AQI[State]=Table19[Selected State/UT], tbl_AQI[Current AQI]), ROW(A1))} -> 32
A5: Arunachal Pradesh | B5: =AVERAGEIF(tbl_AQI[State], Sate_Analysis[[#This Row],[State]], tbl_AQI[Current AQI]) -> 111.12245 | C5: =_xlfn.MAXIFS(tbl_AQI[Current AQI], tbl_AQI[State], Sate_Analysis[[#This Row],[State]]) -> 190 | D5: =COUNTIF(tbl_AQI[State], Sate_Analysis[[#This Row],[State]]) -> 147 | E5: =COUNTIFS(tbl_AQI[State], Sate_Analysis[[#This Row],[State]], tbl_AQI[Category], "Severe" )/COUNTIF(tbl_AQI[State], Sate_Analysis[[#This Row],[State]]) -> 0 | F5: =Sate_Analysis[[#This Row],[Avg AQI]]/MAX(Sate_Analysis[Avg AQI]) -> 0.34280563 | G5: =RANK(Sate_Analysis[Avg AQI], Sate_Analysis[Avg AQI], 0) -> 18 | I5: =INDEX(Sate_Analysis[State], $I$8) -> Andhra Pradesh | K5: Total Areas | L5: =COUNTIF(tbl_AQI[State], Calculations!$I$5) -> 91 | N5: Cleanest State | O5: =INDEX(Sate_Analysis[State], MATCH(MIN(Sate_Analysis[Avg AQI]), Sate_Analysis[Avg AQI], 0)) -> Meghalaya | R5: {=INDEX(tbl_AQI[District], SMALL(IF((tbl_AQI[State]=Table19[Selected State/UT])*(tbl_AQI[Current AQI]=S5), ROW(tbl_AQI[District])-MIN(ROW(tbl_AQI[District]))+1), COUNTIF(Calculations!$S$4:S5, S5)))} -> Anantapur (Area 6) | S5: {=SMALL(IF(tbl_AQI[State]=Table19[Selected State/UT], tbl_AQI[Current AQI]), ROW(A2))} -> 34
A6: Assam | B6: =AVERAGEIF(tbl_AQI[State], Sate_Analysis[[#This Row],[State]], tbl_AQI[Current AQI]) -> 105.67532 | C6: =_xlfn.MAXIFS(tbl_AQI[Current AQI], tbl_AQI[State], Sate_Analysis[[#This Row],[State]]) -> 189 | D6: =COUNTIF(tbl_AQI[State], Sate_Analysis[[#This Row],[State]]) -> 231 | E6: =COUNTIFS(tbl_AQI[State], Sate_Analysis[[#This Row],[State]], tbl_AQI[Category], "Severe" )/COUNTIF(tbl_AQI[State], Sate_Analysis[[#This Row],[State]]) -> 0 | F6: =Sate_Analysis[[#This Row],[Avg AQI]]/MAX(Sate_Analysis[Avg AQI]) -> 0.3260016 | G6: =RANK(Sate_Analysis[Avg AQI], Sate_Analysis[Avg AQI], 0) -> 32 | K6: Average Current AQI | L6: =INDEX(Sate_Analysis[Avg AQI], MATCH($L$3, Sate_Analysis[State], 0)) -> 107.0989 | N6: Highly Polluted State/UT | O6: =INDEX(Sate_Analysis[State], MATCH(MAX(Sate_Analysis[Avg AQI]), Sate_Analysis[Avg AQI], 0)) -> Punjab | R6: {=INDEX(tbl_AQI[District], SMALL(IF((tbl_AQI[State]=Table19[Selected State/UT])*(tbl_AQI[Current AQI]=S6), ROW(tbl_AQI[District])-MIN(ROW(tbl_AQI[District]))+1), COUNTIF(Calculations!$S$4:S6, S6)))} -> Krishna (Area 4) | S6: {=SMALL(IF(tbl_AQI[State]=Table19[Selected State/UT], tbl_AQI[Current AQI]), ROW(A3))} -> 38
A7: Bihar | B7: =AVERAGEIF(tbl_AQI[State], Sate_Analysis[[#This Row],[State]], tbl_AQI[Current AQI]) -> 314.38346 | C7: =_xlfn.MAXIFS(tbl_AQI[Current AQI], tbl_AQI[State], Sate_Analysis[[#This Row],[State]]) -> 478 | D7: =COUNTIF(tbl_AQI[State], Sate_Analysis[[#This Row],[State]]) -> 266 | E7: =COUNTIFS(tbl_AQI[State], Sate_Analysis[[#This Row],[State]], tbl_AQI[Category], "Severe" )/COUNTIF(tbl_AQI[State], Sate_Analysis[[#This Row],[State]]) -> 0.2481203 | F7: =Sate_Analysis[[#This Row],[Avg AQI]]/MAX(Sate_Analysis[Avg AQI]) -> 0.96985282 | G7: =RANK(Sate_Analysis[Avg AQI], Sate_Analysis[Avg AQI], 0) -> 5 | I7: Selection | K7: Maximum AQI | L7: =INDEX(Sate_Analysis[Max AQI], MATCH($L$3, Sate_Analysis[State], 0)) -> 190 | N7: Most Common Pollution Source | O7: =INDEX(tbl_AQI[Major Source of Pollution], MODE(MATCH(tbl_AQI[Major Source of Pollution], tbl_AQI[Major Source of Pollution], 0))) -> Industrial Emissions | R7: {=INDEX(tbl_AQI[District], SMALL(IF((tbl_AQI[State]=Table19[Selected State/UT])*(tbl_AQI[Current AQI]=S7), ROW(tbl_AQI[District])-MIN(ROW(tbl_AQI[District]))+1), COUNTIF(Calculations!$S$4:S7, S7)))} -> Nellore (Area 3) | S7: {=SMALL(IF(tbl_AQI[State]=Table19[Selected State/UT], tbl_AQI[Current AQI]), ROW(A4))} -> 38
A8: Chandigarh (UT) | B8: =AVERAGEIF(tbl_AQI[State], Sate_Analysis[[#This Row],[State]], tbl_AQI[Current AQI]) -> 134 | C8: =_xlfn.MAXIFS(tbl_AQI[Current AQI], tbl_AQI[State], Sate_Analysis[[#This Row],[State]]) -> 189 | D8: =COUNTIF(tbl_AQI[State], Sate_Analysis[[#This Row],[State]]) -> 7 | E8: =COUNTIFS(tbl_AQI[State], Sate_Analysis[[#This Row],[State]], tbl_AQI[Category], "Severe" )/COUNTIF(tbl_AQI[State], Sate_Analysis[[#This Row],[State]]) -> 0 | F8: =Sate_Analysis[[#This Row],[Avg AQI]]/MAX(Sate_Analysis[Avg AQI]) -> 0.41338141 | G8: =RANK(Sate_Analysis[Avg AQI], Sate_Analysis[Avg AQI], 0) -> 8 | I8: 1 | K8: Most Common Pollution Source | L8: =INDEX(Pollution_Source[Pollution Source], MATCH(MAX(Pollution_Source[Impact Score]), Pollution_Source[Impact Score], 0)) -> Vehicle | R8: {=INDEX(tbl_AQI[District], SMALL(IF((tbl_AQI[State]=Table19[Selected State/UT])*(tbl_AQI[Current AQI]=S8), ROW(tbl_AQI[District])-MIN(ROW(tbl_AQI[District]))+1), COUNTIF(Calculations!$S$4:S8, S8)))} -> Anantapur (Area 5) | S8: {=SMALL(IF(tbl_AQI[State]=Table19[Selected State/UT], tbl_AQI[Current AQI]), ROW(A5))} -> 39
A9: Chhattisgarh | B9: =AVERAGEIF(tbl_AQI[State], Sate_Analysis[[#This Row],[State]], tbl_AQI[Current AQI]) -> 107.71958 | C9: =_xlfn.MAXIFS(tbl_AQI[Current AQI], tbl_AQI[State], Sate_Analysis[[#This Row],[State]]) -> 190 | D9: =COUNTIF(tbl_AQI[State], Sate_Analysis[[#This Row],[State]]) -> 189 | E9: =COUNTIFS(tbl_AQI[State], Sate_Analysis[[#This Row],[State]], tbl_AQI[Category], "Severe" )/COUNTIF(tbl_AQI[State], Sate_Analysis[[#This Row],[State]]) -> 0 | F9: =Sate_Analysis[[#This Row],[Avg AQI]]/MAX(Sate_Analysis[Avg AQI]) -> 0.33230799 | G9: =RANK(Sate_Analysis[Avg AQI], Sate_Analysis[Avg AQI], 0) -> 26 | K9: % Severe Areas | L9: =COUNTIFS(tbl_AQI[State], Calculations!$L$3, tbl_AQI[Category], "Severe")/$L$5 -> 0 | R9: {=INDEX(tbl_AQI[District], SMALL(IF((tbl_AQI[State]=Table19[Selected State/UT])*(tbl_AQI[Current AQI]=S9), ROW(tbl_AQI[District])-MIN(ROW(tbl_AQI[District]))+1), COUNTIF(Calculations!$S$4:S9, S9)))} -> Visakhapatnam (Area 4) | S9: {=SMALL(IF(tbl_AQI[State]=Table19[Selected State/UT], tbl_AQI[Current AQI]), ROW(A6))} -> 39
A10: Dadra and Nagar Haveli (UT) | B10: =AVERAGEIF(tbl_AQI[State], Sate_Analysis[[#This Row],[State]], tbl_AQI[Current AQI]) -> 127 | C10: =_xlfn.MAXIFS(tbl_AQI[Current AQI], tbl_AQI[State], Sate_Analysis[[#This Row],[State]]) -> 183 | D10: =COUNTIF(tbl_AQI[State], Sate_Analysis[[#This Row],[State]]) -> 7 | E10: =COUNTIFS(tbl_AQI[State], Sate_Analysis[[#This Row],[State]], tbl_AQI[Category], "Severe" )/COUNTIF(tbl_AQI[State], Sate_Analysis[[#This Row],[State]]) -> 0 | F10: =Sate_Analysis[[#This Row],[Avg AQI]]/MAX(Sate_Analysis[Avg AQI]) -> 0.39178686 | G10: =RANK(Sate_Analysis[Avg AQI], Sate_Analysis[Avg AQI], 0) -> 9 | K10: % Good Areas | L10: =COUNTIFS(tbl_AQI[State], Table19[Selected State/UT], tbl_AQI[Category], "Good")/Calculations!$L$5 -> 0.15384615 | R10: {=INDEX(tbl_AQI[District], SMALL(IF((tbl_AQI[State]=Table19[Selected State/UT])*(tbl_AQI[Current AQI]=S10), ROW(tbl_AQI[District])-MIN(ROW(tbl_AQI[District]))+1), COUNTIF(Calculations!$S$4:S10, S10)))} -> Visakhapatnam | S10: {=SMALL(IF(tbl_AQI[State]=Table19[Selected State/UT], tbl_AQI[Current AQI]), ROW(A7))} -> 40
A11: Daman and Diu (UT) | B11: =AVERAGEIF(tbl_AQI[State], Sate_Analysis[[#This Row],[State]], tbl_AQI[Current AQI]) -> 112.42857 | C11: =_xlfn.MAXIFS(tbl_AQI[Current AQI], tbl_AQI[State], Sate_Analysis[[#This Row],[State]]) -> 179 | D11: =COUNTIF(tbl_AQI[State], Sate_Analysis[[#This Row],[State]]) -> 14 | E11: =COUNTIFS(tbl_AQI[State], Sate_Analysis[[#This Row],[State]], tbl_AQI[Category], "Severe" )/COUNTIF(tbl_AQI[State], Sate_Analysis[[#This Row],[State]]) -> 0 | F11: =Sate_Analysis[[#This Row],[Avg AQI]]/MAX(Sate_Analysis[Avg AQI]) -> 0.34683494 | G11: =RANK(Sate_Analysis[Avg AQI], Sate_Analysis[Avg AQI], 0) -> 15 | K11: Cleanest Zone | L11: =R5 -> Anantapur (Area 6) | R11: {=INDEX(tbl_AQI[District], SMALL(IF((tbl_AQI[State]=Table19[Selected State/UT])*(tbl_AQI[Current AQI]=S11), ROW(tbl_AQI[District])-MIN(ROW(tbl_AQI[District]))+1), COUNTIF(Calculations!$S$4:S11, S11)))} -> Vizianagaram (Area 3) | S11: {=SMALL(IF(tbl_AQI[State]=Table19[Selected State/UT], tbl_AQI[Current AQI]), ROW(A8))} -> 41
A12: Delhi (NCT) | B12: =AVERAGEIF(tbl_AQI[State], Sate_Analysis[[#This Row],[State]], tbl_AQI[Current AQI]) -> 313.24675 | C12: =_xlfn.MAXIFS(tbl_AQI[Current AQI], tbl_AQI[State], Sate_Analysis[[#This Row],[State]]) -> 480 | D12: =COUNTIF(tbl_AQI[State], Sate_Analysis[[#This Row],[State]]) -> 77 | E12: =COUNTIFS(tbl_AQI[State], Sate_Analysis[[#This Row],[State]], tbl_AQI[Category], "Severe" )/COUNTIF(tbl_AQI[State], Sate_Analysis[[#This Row],[State]]) -> 0.22077922 | F12: =Sate_Analysis[[#This Row],[Avg AQI]]/MAX(Sate_Analysis[Avg AQI]) -> 0.96634615 | G12: =RANK(Sate_Analysis[Avg AQI], Sate_Analysis[Avg AQI], 0) -> 6 | K12: Most Polluted Zone | L12: =N5 -> Cleanest State | R12: {=INDEX(tbl_AQI[District], SMALL(IF((tbl_AQI[State]=Table19[Selected State/UT])*(tbl_AQI[Current AQI]=S12), ROW(tbl_AQI[District])-MIN(ROW(tbl_AQI[District]))+1), COUNTIF(Calculations!$S$4:S12, S12)))} -> East Godavari (Area 2) | S12: {=SMALL(IF(tbl_AQI[State]=Table19[Selected State/UT], tbl_AQI[Current AQI]), ROW(A9))} -> 45
A13: Goa | B13: =AVERAGEIF(tbl_AQI[State], Sate_Analysis[[#This Row],[State]], tbl_AQI[Current AQI]) -> 99.857143 | C13: =_xlfn.MAXIFS(tbl_AQI[Current AQI], tbl_AQI[State], Sate_Analysis[[#This Row],[State]]) -> 159 | D13: =COUNTIF(tbl_AQI[State], Sate_Analysis[[#This Row],[State]]) -> 14 | E13: =COUNTIFS(tbl_AQI[State], Sate_Analysis[[#This Row],[State]], tbl_AQI[Category], "Severe" )/COUNTIF(tbl_AQI[State], Sate_Analysis[[#This Row],[State]]) -> 0 | F13: =Sate_Analysis[[#This Row],[Avg AQI]]/MAX(Sate_Analysis[Avg AQI]) -> 0.30805288 | G13: =RANK(Sate_Analysis[Avg AQI], Sate_Analysis[Avg AQI], 0) -> 34 | K13: Intensity Ratio | L13: =INDEX(Sate_Analysis[Intensity Ratio], MATCH(Table19[Selected State/UT], Sate_Analysis[State], 0)) -> 0.33039324 | R13: {=INDEX(tbl_AQI[District], SMALL(IF((tbl_AQI[State]=Table19[Selected State/UT])*(tbl_AQI[Current AQI]=S13), ROW(tbl_AQI[District])-MIN(ROW(tbl_AQI[District]))+1), COUNTIF(Calculations!$S$4:S13, S13)))} -> Guntur (Area 4) | S13: {=SMALL(IF(tbl_AQI[State]=Table19[Selected State/UT], tbl_AQI[Current AQI]), ROW(A10))} -> 47
A14: Gujarat | B14: =AVERAGEIF(tbl_AQI[State], Sate_Analysis[[#This Row],[State]], tbl_AQI[Current AQI]) -> 110.8658 | C14: =_xlfn.MAXIFS(tbl_AQI[Current AQI], tbl_AQI[State], Sate_Analysis[[#This Row],[State]]) -> 190 | D14: =COUNTIF(tbl_AQI[State], Sate_Analysis[[#This Row],[State]]) -> 231 | E14: =COUNTIFS(tbl_AQI[State], Sate_Analysis[[#This Row],[State]], tbl_AQI[Category], "Severe" )/COUNTIF(tbl_AQI[State], Sate_Analysis[[#This Row],[State]]) -> 0 | F14: =Sate_Analysis[[#This Row],[Avg AQI]]/MAX(Sate_Analysis[Avg AQI]) -> 0.34201389 | G14: =RANK(Sate_Analysis[Avg AQI], Sate_Analysis[Avg AQI], 0) -> 19
A15: Haryana | B15: =AVERAGEIF(tbl_AQI[State], Sate_Analysis[[#This Row],[State]], tbl_AQI[Current AQI]) -> 317.37013 | C15: =_xlfn.MAXIFS(tbl_AQI[Current AQI], tbl_AQI[State], Sate_Analysis[[#This Row],[State]]) -> 479 | D15: =COUNTIF(tbl_AQI[State], Sate_Analysis[[#This Row],[State]]) -> 154 | E15: =COUNTIFS(tbl_AQI[State], Sate_Analysis[[#This Row],[State]], tbl_AQI[Category], "Severe" )/COUNTIF(tbl_AQI[State], Sate_Analysis[[#This Row],[State]]) -> 0.25324675 | F15: =Sate_Analysis[[#This Row],[Avg AQI]]/MAX(Sate_Analysis[Avg AQI]) -> 0.97906651 | G15: =RANK(Sate_Analysis[Avg AQI], Sate_Analysis[Avg AQI], 0) -> 4
A16: Himachal Pradesh | B16: =AVERAGEIF(tbl_AQI[State], Sate_Analysis[[#This Row],[State]], tbl_AQI[Current AQI]) -> 113.16667 | C16: =_xlfn.MAXIFS(tbl_AQI[Current AQI], tbl_AQI[State], Sate_Analysis[[#This Row],[State]]) -> 190 | D16: =COUNTIF(tbl_AQI[State], Sate_Analysis[[#This Row],[State]]) -> 84 | E16: =COUNTIFS(tbl_AQI[State], Sate_Analysis[[#This Row],[State]], tbl_AQI[Category], "Severe" )/COUNTIF(tbl_AQI[State], Sate_Analysis[[#This Row],[State]]) -> 0 | F16: =Sate_Analysis[[#This Row],[Avg AQI]]/MAX(Sate_Analysis[Avg AQI]) -> 0.34911191 | G16: =RANK(Sate_Analysis[Avg AQI], Sate_Analysis[Avg AQI], 0) -> 14 | K16: Pollution Source Analysis | R16: Top 10 Highly Polluted Areas
A17: Jammu and Kashmir | B17: =AVERAGEIF(tbl_AQI[State], Sate_Analysis[[#This Row],[State]], tbl_AQI[Current AQI]) -> 320.79221 | C17: =_xlfn.MAXIFS(tbl_AQI[Current AQI], tbl_AQI[State], Sate_Analysis[[#This Row],[State]]) -> 480 | D17: =COUNTIF(tbl_AQI[State], Sate_Analysis[[#This Row],[State]]) -> 154 | E17: =COUNTIFS(tbl_AQI[State], Sate_Analysis[[#This Row],[State]], tbl_AQI[Category], "Severe" )/COUNTIF(tbl_AQI[State], Sate_Analysis[[#This Row],[State]]) -> 0.29220779 | F17: =Sate_Analysis[[#This Row],[Avg AQI]]/MAX(Sate_Analysis[Avg AQI]) -> 0.9896234 | G17: =RANK(Sate_Analysis[Avg AQI], Sate_Analysis[Avg AQI], 0) -> 2
A18: Jharkhand | B18: =AVERAGEIF(tbl_AQI[State], Sate_Analysis[[#This Row],[State]], tbl_AQI[Current AQI]) -> 115.95833 | C18: =_xlfn.MAXIFS(tbl_AQI[Current AQI], tbl_AQI[State], Sate_Analysis[[#This Row],[State]]) -> 190 | D18: =COUNTIF(tbl_AQI[State], Sate_Analysis[[#This Row],[State]]) -> 168 | E18: =COUNTIFS(tbl_AQI[State], Sate_Analysis[[#This Row],[State]], tbl_AQI[Category], "Severe" )/COUNTIF(tbl_AQI[State], Sate_Analysis[[#This Row],[State]]) -> 0 | F18: =Sate_Analysis[[#This Row],[Avg AQI]]/MAX(Sate_Analysis[Avg AQI]) -> 0.35772403 | G18: =RANK(Sate_Analysis[Avg AQI], Sate_Analysis[Avg AQI], 0) -> 12 | K18: Pollution Source | L18: Area Count | M18: Avg AQI | N18: % Areas Effected | O18: Impact Score | P18: Rank | R18: District | S18: AQI
A19: Karnataka | B19: =AVERAGEIF(tbl_AQI[State], Sate_Analysis[[#This Row],[State]], tbl_AQI[Current AQI]) -> 108.96667 | C19: =_xlfn.MAXIFS(tbl_AQI[Current AQI], tbl_AQI[State], Sate_Analysis[[#This Row],[State]]) -> 190 | D19: =COUNTIF(tbl_AQI[State], Sate_Analysis[[#This Row],[State]]) -> 210 | E19: =COUNTIFS(tbl_AQI[State], Sate_Analysis[[#This Row],[State]], tbl_AQI[Category], "Severe" )/COUNTIF(tbl_AQI[State], Sate_Analysis[[#This Row],[State]]) -> 0 | F19: =Sate_Analysis[[#This Row],[Avg AQI]]/MAX(Sate_Analysis[Avg AQI]) -> 0.33615518 | G19: =RANK(Sate_Analysis[Avg AQI], Sate_Analysis[Avg AQI], 0) -> 22 | K19: Construction Dust | L19: =COUNTIFS(tbl_AQI[Major Source of Pollution], Pollution_Source[[#This Row],[Pollution Source]], tbl_AQI[State], Calculations!$L$3) -> 15 | M19: =IFERROR(AVERAGEIFS(tbl_AQI[Current AQI], tbl_AQI[State], Calculations!$L$3, tbl_AQI[Major Source of Pollution], Pollution_Source[[#This Row],[Pollution Source]]), 0) -> 119.6 | N19: =COUNTIFS(tbl_AQI[State], Calculations!$L$3, tbl_AQI[Major Source of Pollution], Pollution_Source[[#This Row],[Pollution Source]])/COUNTIF(tbl_AQI[State], Calculations!$L$3) -> 0.16483516 | O19: =Pollution_Source[[#This Row],[Avg AQI]]*Pollution_Source[[#This Row],[% Areas Effected]] -> 19.714286 | P19: =RANK(Pollution_Source[Impact Score], Pollution_Source[Impact Score], 0) -> 3 | R19: {=INDEX(tbl_AQI[District], SMALL(IF((tbl_AQI[State]=Table19[Selected State/UT])*(tbl_AQI[Current AQI]=Calculations!S19), ROW(tbl_AQI[District])-MIN(ROW(tbl_AQI[District]))+1), COUNTIF(Calculations!$S$19:S19, S19)))} -> Anantapur | S19: {=LARGE(IF(tbl_AQI[State]=Table19[Selected State/UT], tbl_AQI[Current AQI]), ROW(A1))} -> 190
A20: Kerala | B20: =AVERAGEIF(tbl_AQI[State], Sate_Analysis[[#This Row],[State]], tbl_AQI[Current AQI]) -> 107.86735 | C20: =_xlfn.MAXIFS(tbl_AQI[Current AQI], tbl_AQI[State], Sate_Analysis[[#This Row],[State]]) -> 190 | D20: =COUNTIF(tbl_AQI[State], Sate_Analysis[[#This Row],[State]]) -> 98 | E20: =COUNTIFS(tbl_AQI[State], Sate_Analysis[[#This Row],[State]], tbl_AQI[Category], "Severe" )/COUNTIF(tbl_AQI[State], Sate_Analysis[[#This Row],[State]]) -> 0 | F20: =Sate_Analysis[[#This Row],[Avg AQI]]/MAX(Sate_Analysis[Avg AQI]) -> 0.33276385 | G20: =RANK(Sate_Analysis[Avg AQI], Sate_Analysis[Avg AQI], 0) -> 24 | K20: Crop Burning | L20: =COUNTIFS(tbl_AQI[Major Source of Pollution], Pollution_Source[[#This Row],[Pollution Source]], tbl_AQI[State], Calculations!$L$3) -> 19 | M20: =IFERROR(AVERAGEIFS(tbl_AQI[Current AQI], tbl_AQI[State], Calculations!$L$3, tbl_AQI[Major Source of Pollution], Pollution_Source[[#This Row],[Pollution Source]]), 0) -> 102.47368 | N20: =COUNTIFS(tbl_AQI[State], Calculations!$L$3, tbl_AQI[Major Source of Pollution], Pollution_Source[[#This Row],[Pollution Source]])/COUNTIF(tbl_AQI[State], Calculations!$L$3) -> 0.20879121 | O20: =Pollution_Source[[#This Row],[Avg AQI]]*Pollution_Source[[#This Row],[% Areas Effected]] -> 21.395604 | P20: =RANK(Pollution_Source[Impact Score], Pollution_Source[Impact Score], 0) -> 2 | R20: {=INDEX(tbl_AQI[District], SMALL(IF((tbl_AQI[State]=Table19[Selected State/UT])*(tbl_AQI[Current AQI]=Calculations!S20), ROW(tbl_AQI[District])-MIN(ROW(tbl_AQI[District]))+1), COUNTIF(Calculations!$S$19:S20, S20)))} -> West Godavari (Area 3) | S20: {=LARGE(IF(tbl_AQI[State]=Table19[Selected State/UT], tbl_AQI[Current AQI]), ROW(A2))} -> 189
A21: Lakshadweep (UT) | B21: =AVERAGEIF(tbl_AQI[State], Sate_Analysis[[#This Row],[State]], tbl_AQI[Current AQI]) -> 123.87143 | C21: =_xlfn.MAXIFS(tbl_AQI[Current AQI], tbl_AQI[State], Sate_Analysis[[#This Row],[State]]) -> 188 | D21: =COUNTIF(tbl_AQI[State], Sate_Analysis[[#This Row],[State]]) -> 70 | E21: =COUNTIFS(tbl_AQI[State], Sate_Analysis[[#This Row],[State]], tbl_AQI[Category], "Severe" )/COUNTIF(tbl_AQI[State], Sate_Analysis[[#This Row],[State]]) -> 0 | F21: =Sate_Analysis[[#This Row],[Avg AQI]]/MAX(Sate_Analysis[Avg AQI]) -> 0.38213542 | G21: =RANK(Sate_Analysis[Avg AQI], Sate_Analysis[Avg AQI], 0) -> 11 | K21: Domestic Fuel | L21: =COUNTIFS(tbl_AQI[Major Source of Pollution], Pollution_Source[[#This Row],[Pollution Source]], tbl_AQI[State], Calculations!$L$3) -> 17 | M21: =IFERROR(AVERAGEIFS(tbl_AQI[Current AQI], tbl_AQI[State], Calculations!$L$3, tbl_AQI[Major Source of Pollution], Pollution_Source[[#This Row],[Pollution Source]]), 0) -> 91.411765 | N21: =COUNTIFS(tbl_AQI[State], Calculations!$L$3, tbl_AQI[Major Source of Pollution], Pollution_Source[[#This Row],[Pollution Source]])/COUNTIF(tbl_AQI[State], Calculations!$L$3) -> 0.18681319 | O21: =Pollution_Source[[#This Row],[Avg AQI]]*Pollution_Source[[#This Row],[% Areas Effected]] -> 17.076923 | P21: =RANK(Pollution_Source[Impact Score], Pollution_Source[Impact Score], 0) -> 4 | R21: {=INDEX(tbl_AQI[District], SMALL(IF((tbl_AQI[State]=Table19[Selected State/UT])*(tbl_AQI[Current AQI]=Calculations!S21), ROW(tbl_AQI[District])-MIN(ROW(tbl_AQI[District]))+1), COUNTIF(Calculations!$S$19:S21, S21)))} -> Nellore (Area 5) | S21: {=LARGE(IF(tbl_AQI[State]=Table19[Selected State/UT], tbl_AQI[Current AQI]), ROW(A3))} -> 188
A22: Madhya Pradesh | B22: =AVERAGEIF(tbl_AQI[State], Sate_Analysis[[#This Row],[State]], tbl_AQI[Current AQI]) -> 111.92717 | C22: =_xlfn.MAXIFS(tbl_AQI[Current AQI], tbl_AQI[State], Sate_Analysis[[#This Row],[State]]) -> 190 | D22: =COUNTIF(tbl_AQI[State], Sate_Analysis[[#This Row],[State]]) -> 357 | E22: =COUNTIFS(tbl_AQI[State], Sate_Analysis[[#This Row],[State]], tbl_AQI[Category], "Severe" )/COUNTIF(tbl_AQI[State], Sate_Analysis[[#This Row],[State]]) -> 0 | F22: =Sate_Analysis[[#This Row],[Avg AQI]]/MAX(Sate_Analysis[Avg AQI]) -> 0.34528815 | G22: =RANK(Sate_Analysis[Avg AQI], Sate_Analysis[Avg AQI], 0) -> 17 | K22: Industrial Emissions | L22: =COUNTIFS(tbl_AQI[Major Source of Pollution], Pollution_Source[[#This Row],[Pollution Source]], tbl_AQI[State], Calculations!$L$3) -> 11 | M22: =IFERROR(AVERAGEIFS(tbl_AQI[Current AQI], tbl_AQI[State], Calculations!$L$3, tbl_AQI[Major Source of Pollution], Pollution_Source[[#This Row],[Pollution Source]]), 0) -> 103.27273 | N22: =COUNTIFS(tbl_AQI[State], Calculations!$L$3, tbl_AQI[Major Source of Pollution], Pollution_Source[[#This Row],[Pollution Source]])/COUNTIF(tbl_AQI[State], Calculations!$L$3) -> 0.12087912 | O22: =Pollution_Source[[#This Row],[Avg AQI]]*Pollution_Source[[#This Row],[% Areas Effected]] -> 12.483516 | P22: =RANK(Pollution_Source[Impact Score], Pollution_Source[Impact Score], 0) -> 5 | R22: {=INDEX(tbl_AQI[District], SMALL(IF((tbl_AQI[State]=Table19[Selected State/UT])*(tbl_AQI[Current AQI]=Calculations!S22), ROW(tbl_AQI[District])-MIN(ROW(tbl_AQI[District]))+1), COUNTIF(Calculations!$S$19:S22, S22)))} -> Krishna (Area 1) | S22: {=LARGE(IF(tbl_AQI[State]=Table19[Selected State/UT], tbl_AQI[Current AQI]), ROW(A4))} -> 183
A23: Maharashtra | B23: =AVERAGEIF(tbl_AQI[State], Sate_Analysis[[#This Row],[State]], tbl_AQI[Current AQI]) -> 108.00397 | C23: =_xlfn.MAXIFS(tbl_AQI[Current AQI], tbl_AQI[State], Sate_Analysis[[#This Row],[State]]) -> 190 | D23: =COUNTIF(tbl_AQI[State], Sate_Analysis[[#This Row],[State]]) -> 252 | E23: =COUNTIFS(tbl_AQI[State], Sate_Analysis[[#This Row],[State]], tbl_AQI[Category], "Severe" )/COUNTIF(tbl_AQI[State], Sate_Analysis[[#This Row],[State]]) -> 0 | F23: =Sate_Analysis[[#This Row],[Avg AQI]]/MAX(Sate_Analysis[Avg AQI]) -> 0.33318532 | G23: =RANK(Sate_Analysis[Avg AQI], Sate_Analysis[Avg AQI], 0) -> 23 | K23: Road Dust | L23: =COUNTIFS(tbl_AQI[Major Source of Pollution], Pollution_Source[[#This Row],[Pollution Source]], tbl_AQI[State], Calculations!$L$3) -> 9 | M23: =IFERROR(AVERAGEIFS(tbl_AQI[Current AQI], tbl_AQI[State], Calculations!$L$3, tbl_AQI[Major Source of Pollution], Pollution_Source[[#This Row],[Pollution Source]]), 0) -> 94 | N23: =COUNTIFS(tbl_AQI[State], Calculations!$L$3, tbl_AQI[Major Source of Pollution], Pollution_Source[[#This Row],[Pollution Source]])/COUNTIF(tbl_AQI[State], Calculations!$L$3) -> 0.098901099 | O23: =Pollution_Source[[#This Row],[Avg AQI]]*Pollution_Source[[#This Row],[% Areas Effected]] -> 9.2967033 | P23: =RANK(Pollution_Source[Impact Score], Pollution_Source[Impact Score], 0) -> 6 | R23: {=INDEX(tbl_AQI[District], SMALL(IF((tbl_AQI[State]=Table19[Selected State/UT])*(tbl_AQI[Current AQI]=Calculations!S23), ROW(tbl_AQI[District])-MIN(ROW(tbl_AQI[District]))+1), COUNTIF(Calculations!$S$19:S23, S23)))} -> Krishna (Area 6) | S23: {=LARGE(IF(tbl_AQI[State]=Table19[Selected State/UT], tbl_AQI[Current AQI]), ROW(A5))} -> 182
A24: Manipur | B24: =AVERAGEIF(tbl_AQI[State], Sate_Analysis[[#This Row],[State]], tbl_AQI[Current AQI]) -> 113.42857 | C24: =_xlfn.MAXIFS(tbl_AQI[Current AQI], tbl_AQI[State], Sate_Analysis[[#This Row],[State]]) -> 190 | D24: =COUNTIF(tbl_AQI[State], Sate_Analysis[[#This Row],[State]]) -> 112 | E24: =COUNTIFS(tbl_AQI[State], Sate_Analysis[[#This Row],[State]], tbl_AQI[Category], "Severe" )/COUNTIF(tbl_AQI[State], Sate_Analysis[[#This Row],[State]]) -> 0 | F24: =Sate_Analysis[[#This Row],[Avg AQI]]/MAX(Sate_Analysis[Avg AQI]) -> 0.34991987 | G24: =RANK(Sate_Analysis[Avg AQI], Sate_Analysis[Avg AQI], 0) -> 13 | K24: Vehicle | L24: =COUNTIFS(tbl_AQI[Major Source of Pollution], Pollution_Source[[#This Row],[Pollution Source]], tbl_AQI[State], Calculations!$L$3) -> 15 | M24: =IFERROR(AVERAGEIFS(tbl_AQI[Current AQI], tbl_AQI[State], Calculations!$L$3, tbl_AQI[Major Source of Pollution], Pollution_Source[[#This Row],[Pollution Source]]), 0) -> 133.93333 | N24: =COUNTIFS(tbl_AQI[State], Calculations!$L$3, tbl_AQI[Major Source of Pollution], Pollution_Source[[#This Row],[Pollution Source]])/COUNTIF(tbl_AQI[State], Calculations!$L$3) -> 0.16483516 | O24: =Pollution_Source[[#This Row],[Avg AQI]]*Pollution_Source[[#This Row],[% Areas Effected]] -> 22.076923 | P24: =RANK(Pollution_Source[Impact Score], Pollution_Source[Impact Score], 0) -> 1 | R24: {=INDEX(tbl_AQI[District], SMALL(IF((tbl_AQI[State]=Table19[Selected State/UT])*(tbl_AQI[Current AQI]=Calculations!S24), ROW(tbl_AQI[District])-MIN(ROW(tbl_AQI[District]))+1), COUNTIF(Calculations!$S$19:S24, S24)))} -> East Godavari (Area 3) | S24: {=LARGE(IF(tbl_AQI[State]=Table19[Selected State/UT], tbl_AQI[Current AQI]), ROW(A6))} -> 181
A25: Meghalaya | B25: =AVERAGEIF(tbl_AQI[State], Sate_Analysis[[#This Row],[State]], tbl_AQI[Current AQI]) -> 98.103896 | C25: =_xlfn.MAXIFS(tbl_AQI[Current AQI], tbl_AQI[State], Sate_Analysis[[#This Row],[State]]) -> 185 | D25: =COUNTIF(tbl_AQI[State], Sate_Analysis[[#This Row],[State]]) -> 77 | E25: =COUNTIFS(tbl_AQI[State], Sate_Analysis[[#This Row],[State]], tbl_AQI[Category], "Severe" )/COUNTIF(tbl_AQI[State], Sate_Analysis[[#This Row],[State]]) -> 0 | F25: =Sate_Analysis[[#This Row],[Avg AQI]]/MAX(Sate_Analysis[Avg AQI]) -> 0.30264423 | G25: =RANK(Sate_Analysis[Avg AQI], Sate_Analysis[Avg AQI], 0) -> 35 | K25: Waste Burning | L25: =COUNTIFS(tbl_AQI[Major Source of Pollution], Pollution_Source[[#This Row],[Pollution Source]], tbl_AQI[State], Calculations!$L$3) -> 5 | M25: =IFERROR(AVERAGEIFS(tbl_AQI[Current AQI], tbl_AQI[State], Calculations!$L$3, tbl_AQI[Major Source of Pollution], Pollution_Source[[#This Row],[Pollution Source]]), 0) -> 92 | N25: =COUNTIFS(tbl_AQI[State], Calculations!$L$3, tbl_AQI[Major Source of Pollution], Pollution_Source[[#This Row],[Pollution Source]])/COUNTIF(tbl_AQI[State], Calculations!$L$3) -> 0.054945055 | O25: =Pollution_Source[[#This Row],[Avg AQI]]*Pollution_Source[[#This Row],[% Areas Effected]] -> 5.0549451 | P25: =RANK(Pollution_Source[Impact Score], Pollution_Source[Impact Score], 0) -> 7 | R25: {=INDEX(tbl_AQI[District], SMALL(IF((tbl_AQI[State]=Table19[Selected State/UT])*(tbl_AQI[Current AQI]=Calculations!S25), ROW(tbl_AQI[District])-MIN(ROW(tbl_AQI[District]))+1), COUNTIF(Calculations!$S$19:S25, S25)))} -> YSR Kadapa (Area 4) | S25: {=LARGE(IF(tbl_AQI[State]=Table19[Selected State/UT], tbl_AQI[Current AQI]), ROW(A7))} -> 179
A26: Mizoram | B26: =AVERAGEIF(tbl_AQI[State], Sate_Analysis[[#This Row],[State]], tbl_AQI[Current AQI]) -> 126.78571 | C26: =_xlfn.MAXIFS(tbl_AQI[Current AQI], tbl_AQI[State], Sate_Analysis[[#This Row],[State]]) -> 190 | D26: =COUNTIF(tbl_AQI[State], Sate_Analysis[[#This Row],[State]]) -> 56 | E26: =COUNTIFS(tbl_AQI[State], Sate_Analysis[[#This Row],[State]], tbl_AQI[Category], "Severe" )/COUNTIF(tbl_AQI[State], Sate_Analysis[[#This Row],[State]]) -> 0 | F26: =Sate_Analysis[[#This Row],[Avg AQI]]/MAX(Sate_Analysis[Avg AQI]) -> 0.3911258 | G26: =RANK(Sate_Analysis[Avg AQI], Sate_Analysis[Avg AQI], 0) -> 10 | R26: {=INDEX(tbl_AQI[District], SMALL(IF((tbl_AQI[State]=Table19[Selected State/UT])*(tbl_AQI[Current AQI]=Calculations!S26), ROW(tbl_AQI[District])-MIN(ROW(tbl_AQI[District]))+1), COUNTIF(Calculations!$S$19:S26, S26)))} -> Kurnool | S26: {=LARGE(IF(tbl_AQI[State]=Table19[Selected State/UT], tbl_AQI[Current AQI]), ROW(A8))} -> 176
A27: Nagaland | B27: =AVERAGEIF(tbl_AQI[State], Sate_Analysis[[#This Row],[State]], tbl_AQI[Current AQI]) -> 107.02597 | C27: =_xlfn.MAXIFS(tbl_AQI[Current AQI], tbl_AQI[State], Sate_Analysis[[#This Row],[State]]) -> 186 | D27: =COUNTIF(tbl_AQI[State], Sate_Analysis[[#This Row],[State]]) -> 77 | E27: =COUNTIFS(tbl_AQI[State], Sate_Analysis[[#This Row],[State]], tbl_AQI[Category], "Severe" )/COUNTIF(tbl_AQI[State], Sate_Analysis[[#This Row],[State]]) -> 0 | F27: =Sate_Analysis[[#This Row],[Avg AQI]]/MAX(Sate_Analysis[Avg AQI]) -> 0.33016827 | G27: =RANK(Sate_Analysis[Avg AQI], Sate_Analysis[Avg AQI], 0) -> 28 | R27: {=INDEX(tbl_AQI[District], SMALL(IF((tbl_AQI[State]=Table19[Selected State/UT])*(tbl_AQI[Current AQI]=Calculations!S27), ROW(tbl_AQI[District])-MIN(ROW(tbl_AQI[District]))+1), COUNTIF(Calculations!$S$19:S27, S27)))} -> Vizianagaram (Area 1) | S27: {=LARGE(IF(tbl_AQI[State]=Table19[Selected State/UT], tbl_AQI[Current AQI]), ROW(A9))} -> 175
A28: Odisha | B28: =AVERAGEIF(tbl_AQI[State], Sate_Analysis[[#This Row],[State]], tbl_AQI[Current AQI]) -> 106.95714 | C28: =_xlfn.MAXIFS(tbl_AQI[Current AQI], tbl_AQI[State], Sate_Analysis[[#This Row],[State]]) -> 189 | D28: =COUNTIF(tbl_AQI[State], Sate_Analysis[[#This Row],[State]]) -> 210 | E28: =COUNTIFS(tbl_AQI[State], Sate_Analysis[[#This Row],[State]], tbl_AQI[Category], "Severe" )/COUNTIF(tbl_AQI[State], Sate_Analysis[[#This Row],[State]]) -> 0 | F28: =Sate_Analysis[[#This Row],[Avg AQI]]/MAX(Sate_Analysis[Avg AQI]) -> 0.32995593 | G28: =RANK(Sate_Analysis[Avg AQI], Sate_Analysis[Avg AQI], 0) -> 29 | K28: Severity Category Distribution | R28: {=INDEX(tbl_AQI[District], SMALL(IF((tbl_AQI[State]=Table19[Selected State/UT])*(tbl_AQI[Current AQI]=Calculations!S28), ROW(tbl_AQI[District])-MIN(ROW(tbl_AQI[District]))+1), COUNTIF(Calculations!$S$19:S28, S28)))} -> West Godavari | S28: {=LARGE(IF(tbl_AQI[State]=Table19[Selected State/UT], tbl_AQI[Current AQI]), ROW(A10))} -> 175
A29: Puducherry (UT) | B29: =AVERAGEIF(tbl_AQI[State], Sate_Analysis[[#This Row],[State]], tbl_AQI[Current AQI]) -> 106.25 | C29: =_xlfn.MAXIFS(tbl_AQI[Current AQI], tbl_AQI[State], Sate_Analysis[[#This Row],[State]]) -> 190 | D29: =COUNTIF(tbl_AQI[State], Sate_Analysis[[#This Row],[State]]) -> 28 | E29: =COUNTIFS(tbl_AQI[State], Sate_Analysis[[#This Row],[State]], tbl_AQI[Category], "Severe" )/COUNTIF(tbl_AQI[State], Sate_Analysis[[#This Row],[State]]) -> 0 | F29: =Sate_Analysis[[#This Row],[Avg AQI]]/MAX(Sate_Analysis[Avg AQI]) -> 0.32777444 | G29: =RANK(Sate_Analysis[Avg AQI], Sate_Analysis[Avg AQI], 0) -> 30
A30: Punjab | B30: =AVERAGEIF(tbl_AQI[State], Sate_Analysis[[#This Row],[State]], tbl_AQI[Current AQI]) -> 324.15584 | C30: =_xlfn.MAXIFS(tbl_AQI[Current AQI], tbl_AQI[State], Sate_Analysis[[#This Row],[State]]) -> 478 | D30: =COUNTIF(tbl_AQI[State], Sate_Analysis[[#This Row],[State]]) -> 154 | E30: =COUNTIFS(tbl_AQI[State], Sate_Analysis[[#This Row],[State]], tbl_AQI[Category], "Severe" )/COUNTIF(tbl_AQI[State], Sate_Analysis[[#This Row],[State]]) -> 0.28571429 | F30: =Sate_Analysis[[#This Row],[Avg AQI]]/MAX(Sate_Analysis[Avg AQI]) -> 1 | G30: =RANK(Sate_Analysis[Avg AQI], Sate_Analysis[Avg AQI], 0) -> 1 | K30: Category | L30: Range | M30: District count | N30: Avg_AQI | O30: % Areas | P30: Cumulative
A31: Rajasthan | B31: =AVERAGEIF(tbl_AQI[State], Sate_Analysis[[#This Row],[State]], tbl_AQI[Current AQI]) -> 310.88312 | C31: =_xlfn.MAXIFS(tbl_AQI[Current AQI], tbl_AQI[State], Sate_Analysis[[#This Row],[State]]) -> 479 | D31: =COUNTIF(tbl_AQI[State], Sate_Analysis[[#This Row],[State]]) -> 231 | E31: =COUNTIFS(tbl_AQI[State], Sate_Analysis[[#This Row],[State]], tbl_AQI[Category], "Severe" )/COUNTIF(tbl_AQI[State], Sate_Analysis[[#This Row],[State]]) -> 0.24675325 | F31: =Sate_Analysis[[#This Row],[Avg AQI]]/MAX(Sate_Analysis[Avg AQI]) -> 0.95905449 | G31: =RANK(Sate_Analysis[Avg AQI], Sate_Analysis[Avg AQI], 0) -> 7 | K31: Severe | L31: >400 | M31: =COUNTIFS(tbl_AQI[State], Calculations!$L$3, tbl_AQI[Category], Category_Distribution[[#This Row],[Category]]) -> 0 | N31: =IFERROR(AVERAGEIFS(tbl_AQI[Current AQI], tbl_AQI[State], Calculations!$L$3, tbl_AQI[Category], Category_Distribution[[#This Row],[Category]]), "N/A") -> N/A | O31: =Category_Distribution[[#This Row],[District count]]/SUM(Category_Distribution[District count]) -> 0 | P31: =SUM($O$31:Category_Distribution[[#This Row],[% Areas]]) -> 0
A32: Sikkim | B32: =AVERAGEIF(tbl_AQI[State], Sate_Analysis[[#This Row],[State]], tbl_AQI[Current AQI]) -> 102.96429 | C32: =_xlfn.MAXIFS(tbl_AQI[Current AQI], tbl_AQI[State], Sate_Analysis[[#This Row],[State]]) -> 190 | D32: =COUNTIF(tbl_AQI[State], Sate_Analysis[[#This Row],[State]]) -> 28 | E32: =COUNTIFS(tbl_AQI[State], Sate_Analysis[[#This Row],[State]], tbl_AQI[Category], "Severe" )/COUNTIF(tbl_AQI[State], Sate_Analysis[[#This Row],[State]]) -> 0 | F32: =Sate_Analysis[[#This Row],[Avg AQI]]/MAX(Sate_Analysis[Avg AQI]) -> 0.31763822 | G32: =RANK(Sate_Analysis[Avg AQI], Sate_Analysis[Avg AQI], 0) -> 33 | K32: Very Poor | L32: 301-400 | M32: =COUNTIFS(tbl_AQI[State], Calculations!$L$3, tbl_AQI[Category], Category_Distribution[[#This Row],[Category]]) -> 0 | N32: =IFERROR(AVERAGEIFS(tbl_AQI[Current AQI], tbl_AQI[State], Calculations!$L$3, tbl_AQI[Category], Category_Distribution[[#This Row],[Category]]), "N/A") -> N/A | O32: =Category_Distribution[[#This Row],[District count]]/SUM(Category_Distribution[District count]) -> 0 | P32: =SUM($O$31:Category_Distribution[[#This Row],[% Areas]]) -> 0
A33: Tamil Nadu | B33: =AVERAGEIF(tbl_AQI[State], Sate_Analysis[[#This Row],[State]], tbl_AQI[Current AQI]) -> 107.81696 | C33: =_xlfn.MAXIFS(tbl_AQI[Current AQI], tbl_AQI[State], Sate_Analysis[[#This Row],[State]]) -> 190 | D33: =COUNTIF(tbl_AQI[State], Sate_Analysis[[#This Row],[State]]) -> 224 | E33: =COUNTIFS(tbl_AQI[State], Sate_Analysis[[#This Row],[State]], tbl_AQI[Category], "Severe" )/COUNTIF(tbl_AQI[State], Sate_Analysis[[#This Row],[State]]) -> 0 | F33: =Sate_Analysis[[#This Row],[Avg AQI]]/MAX(Sate_Analysis[Avg AQI]) -> 0.33260842 | G33: =RANK(Sate_Analysis[Avg AQI], Sate_Analysis[Avg AQI], 0) -> 25 | K33: Poor | L33: 201-300 | M33: =COUNTIFS(tbl_AQI[State], Calculations!$L$3, tbl_AQI[Category], Category_Distribution[[#This Row],[Category]]) -> 0 | N33: =IFERROR(AVERAGEIFS(tbl_AQI[Current AQI], tbl_AQI[State], Calculations!$L$3, tbl_AQI[Category], Category_Distribution[[#This Row],[Category]]), "N/A") -> N/A | O33: =Category_Distribution[[#This Row],[District count]]/SUM(Category_Distribution[District count]) -> 0 | P33: =SUM($O$31:Category_Distribution[[#This Row],[% Areas]]) -> 0
A34: Telangana | B34: =AVERAGEIF(tbl_AQI[State], Sate_Analysis[[#This Row],[State]], tbl_AQI[Current AQI]) -> 109.92627 | C34: =_xlfn.MAXIFS(tbl_AQI[Current AQI], tbl_AQI[State], Sate_Analysis[[#This Row],[State]]) -> 190 | D34: =COUNTIF(tbl_AQI[State], Sate_Analysis[[#This Row],[State]]) -> 217 | E34: =COUNTIFS(tbl_AQI[State], Sate_Analysis[[#This Row],[State]], tbl_AQI[Category], "Severe" )/COUNTIF(tbl_AQI[State], Sate_Analysis[[#This Row],[State]]) -> 0 | F34: =Sate_Analysis[[#This Row],[Avg AQI]]/MAX(Sate_Analysis[Avg AQI]) -> 0.33911549 | G34: =RANK(Sate_Analysis[Avg AQI], Sate_Analysis[Avg AQI], 0) -> 21 | K34: Moderate | L34: 101-200 | M34: =COUNTIFS(tbl_AQI[State], Calculations!$L$3, tbl_AQI[Category], Category_Distribution[[#This Row],[Category]]) -> 48 | N34: =IFERROR(AVERAGEIFS(tbl_AQI[Current AQI], tbl_AQI[State], Calculations!$L$3, tbl_AQI[Category], Category_Distribution[[#This Row],[Category]]), "N/A") -> 147.08333 | O34: =Category_Distribution[[#This Row],[District count]]/SUM(Category_Distribution[District count]) -> 0.52747253 | P34: =SUM($O$31:Category_Distribution[[#This Row],[% Areas]]) -> 0.52747253
A35: Tripura | B35: =AVERAGEIF(tbl_AQI[State], Sate_Analysis[[#This Row],[State]], tbl_AQI[Current AQI]) -> 105.89286 | C35: =_xlfn.MAXIFS(tbl_AQI[Current AQI], tbl_AQI[State], Sate_Analysis[[#This Row],[State]]) -> 190 | D35: =COUNTIF(tbl_AQI[State], Sate_Analysis[[#This Row],[State]]) -> 56 | E35: =COUNTIFS(tbl_AQI[State], Sate_Analysis[[#This Row],[State]], tbl_AQI[Category], "Severe" )/COUNTIF(tbl_AQI[State], Sate_Analysis[[#This Row],[State]]) -> 0 | F35: =Sate_Analysis[[#This Row],[Avg AQI]]/MAX(Sate_Analysis[Avg AQI]) -> 0.32667268 | G35: =RANK(Sate_Analysis[Avg AQI], Sate_Analysis[Avg AQI], 0) -> 31 | K35: Satisfactory | L35: 51-100 | M35: =COUNTIFS(tbl_AQI[State], Calculations!$L$3, tbl_AQI[Category], Category_Distribution[[#This Row],[Category]]) -> 29 | N35: =IFERROR(AVERAGEIFS(tbl_AQI[Current AQI], tbl_AQI[State], Calculations!$L$3, tbl_AQI[Category], Category_Distribution[[#This Row],[Category]]), "N/A") -> 72.344828 | O35: =Category_Distribution[[#This Row],[District count]]/SUM(Category_Distribution[District count]) -> 0.31868132 | P35: =SUM($O$31:Category_Distribution[[#This Row],[% Areas]]) -> 0.84615385
A36: Uttar Pradesh | B36: =AVERAGEIF(tbl_AQI[State], Sate_Analysis[[#This Row],[State]], tbl_AQI[Current AQI]) -> 318.14286 | C36: =_xlfn.MAXIFS(tbl_AQI[Current AQI], tbl_AQI[State], Sate_Analysis[[#This Row],[State]]) -> 480 | D36: =COUNTIF(tbl_AQI[State], Sate_Analysis[[#This Row],[State]]) -> 525 | E36: =COUNTIFS(tbl_AQI[State], Sate_Analysis[[#This Row],[State]], tbl_AQI[Category], "Severe" )/COUNTIF(tbl_AQI[State], Sate_Analysis[[#This Row],[State]]) -> 0.23428571 | F36: =Sate_Analysis[[#This Row],[Avg AQI]]/MAX(Sate_Analysis[Avg AQI]) -> 0.98145032 | G36: =RANK(Sate_Analysis[Avg AQI], Sate_Analysis[Avg AQI], 0) -> 3 | K36: Good | L36: 0-50 | M36: =COUNTIFS(tbl_AQI[State], Calculations!$L$3, tbl_AQI[Category], Category_Distribution[[#This Row],[Category]]) -> 14 | N36: =IFERROR(AVERAGEIFS(tbl_AQI[Current AQI], tbl_AQI[State], Calculations!$L$3, tbl_AQI[Category], Category_Distribution[[#This Row],[Category]]), "N/A") -> 42 | O36: =Category_Distribution[[#This Row],[District count]]/SUM(Category_Distribution[District count]) -> 0.15384615 | P36: =SUM($O$31:Category_Distribution[[#This Row],[% Areas]]) -> 1
A37: Uttarakhand | B37: =AVERAGEIF(tbl_AQI[State], Sate_Analysis[[#This Row],[State]], tbl_AQI[Current AQI]) -> 110.36264 | C37: =_xlfn.MAXIFS(tbl_AQI[Current AQI], tbl_AQI[State], Sate_Analysis[[#This Row],[State]]) -> 183 | D37: =COUNTIF(tbl_AQI[State], Sate_Analysis[[#This Row],[State]]) -> 91 | E37: =COUNTIFS(tbl_AQI[State], Sate_Analysis[[#This Row],[State]], tbl_AQI[Category], "Severe" )/COUNTIF(tbl_AQI[State], Sate_Analysis[[#This Row],[State]]) -> 0 | F37: =Sate_Analysis[[#This Row],[Avg AQI]]/MAX(Sate_Analysis[Avg AQI]) -> 0.34046166 | G37: =RANK(Sate_Analysis[Avg AQI], Sate_Analysis[Avg AQI], 0) -> 20
A38: West Bengal | B38: =AVERAGEIF(tbl_AQI[State], Sate_Analysis[[#This Row],[State]], tbl_AQI[Current AQI]) -> 112.18367 | C38: =_xlfn.MAXIFS(tbl_AQI[Current AQI], tbl_AQI[State], Sate_Analysis[[#This Row],[State]]) -> 190 | D38: =COUNTIF(tbl_AQI[State], Sate_Analysis[[#This Row],[State]]) -> 147 | E38: =COUNTIFS(tbl_AQI[State], Sate_Analysis[[#This Row],[State]], tbl_AQI[Category], "Severe" )/COUNTIF(tbl_AQI[State], Sate_Analysis[[#This Row],[State]]) -> 0 | F38: =Sate_Analysis[[#This Row],[Avg AQI]]/MAX(Sate_Analysis[Avg AQI]) -> 0.34607944 | G38: =RANK(Sate_Analysis[Avg AQI], Sate_Analysis[Avg AQI], 0) -> 16

Sheet Chart-Source_Contribution
A1: State | B1: (All)
A3: Row Labels | B3: Count of District
A4: Construction Dust | B4: 809
A5: Crop Burning | B5: 757
A6: Domestic Fuel | B6: 660
A7: Industrial Emissions | B7: 842
A8: Road Dust | B8: 586
A9: Vehicle | B9: 769
A10: Waste Burning | B10: 631
A11: Grand Total | B11: 5054

Sheet Chart-Category_%Areas
A1: State | B1: (All)
J2: Severe | K2: =VLOOKUP(J2,A:B,2,0) -> 391
A3: Row Labels | B3: Count of District | J3: Very Poor | K3: =VLOOKUP(J3,A:B,2,0) -> 459
A4: Moderate | B4: 2224 | J4: Poor | K4: =VLOOKUP(J4,A:B,2,0) -> 460
A5: Satisfactory | B5: 1061 | J5: Moderate | K5: =VLOOKUP(J5,A:B,2,0) -> 2224
A6: Poor | B6: 460 | J6: Satisfactory | K6: =VLOOKUP(J6,A:B,2,0) -> 1061
A7: Good | B7: 459 | J7: Good | K7: =VLOOKUP(J7,A:B,2,0) -> 459
A8: Very Poor | B8: 459
A9: Severe | B9: 391
A10: Grand Total | B10: 5054

Sheet AQI_Analysis_Dashboard
A1: AQI DASHBOARD | E1: Total Zones | H1: Current AVG AQI | K1: Maximum AQI | N1: Intensity Ratio | Q1: Pollution RANK
E4: Major Source of Pollution | H4: =Calculations!$L$8 -> Vehicle | J4: Highly Polluted Area | M4: =Calculations!$L$12 -> Cleanest State | O4: Cleanest Area | R4: =Calculations!$L$11 -> Anantapur (Area 6)
K7: Top 10 Most Polluted Areas | P7: Top 10 Most Polluted Areas
K9: DISTRICT | M9: AQI | P9: DISTRICT | R9: AQI
K10: =Calculations!R19 -> Anantapur | M10: =Calculations!S19 -> 190 | P10: =Calculations!R4 -> Nellore (Area 4) | R10: =Calculations!S4 -> 32
K11: =Calculations!R20 -> West Godavari (Area 3) | M11: =Calculations!S20 -> 189 | P11: =Calculations!R5 -> Anantapur (Area 6) | R11: =Calculations!S5 -> 34
K12: =Calculations!R21 -> Nellore (Area 5) | M12: =Calculations!S21 -> 188 | P12: =Calculations!R6 -> Krishna (Area 4) | R12: =Calculations!S6 -> 38
K13: =Calculations!R22 -> Krishna (Area 1) | M13: =Calculations!S22 -> 183 | P13: =Calculations!R7 -> Nellore (Area 3) | R13: =Calculations!S7 -> 38
K14: =Calculations!R23 -> Krishna (Area 6) | M14: =Calculations!S23 -> 182 | P14: =Calculations!R8 -> Anantapur (Area 5) | R14: =Calculations!S8 -> 39
K15: =Calculations!R24 -> East Godavari (Area 3) | M15: =Calculations!S24 -> 181 | P15: =Calculations!R9 -> Visakhapatnam (Area 4) | R15: =Calculations!S9 -> 39
K16: =Calculations!R25 -> YSR Kadapa (Area 4) | M16: =Calculations!S25 -> 179 | P16: =Calculations!R10 -> Visakhapatnam | R16: =Calculations!S10 -> 40
K17: =Calculations!R26 -> Kurnool | M17: =Calculations!S26 -> 176 | P17: =Calculations!R11 -> Vizianagaram (Area 3) | R17: =Calculations!S11 -> 41
K18: =Calculations!R27 -> Vizianagaram (Area 1) | M18: =Calculations!S27 -> 175 | P18: =Calculations!R12 -> East Godavari (Area 2) | R18: =Calculations!S12 -> 45
K19: =Calculations!R28 -> West Godavari | M19: =Calculations!S28 -> 175 | P19: =Calculations!R13 -> Guntur (Area 4) | R19: =Calculations!S13 -> 47
D44: Country's AVG AQI | H44: Highly Polluted State/UT | L44: Cleanest State/UT | P44: Common Pollution Source
D46: =Calculations!$O$3 -> 152.34862 | H46: =Calculations!$O$6 -> Punjab | L46: =Calculations!$O$5 -> Meghalaya | P46: =Calculations!$O$7 -> Industrial Emissions
